risk_tier,n,avg_risk_prob,avg_screen_time,avg_social_media,avg_sleep,avg_weekend_screen,avg_pressure_score,avg_nonproductive,true_addiction_rate
Low,1720,0.06417532844067139,5.184488372093023,2.327918604651163,6.6675406976744185,6.923947674418605,0.4335743798449612,2.1617267441860464,0.00872093023255814
Medium,251,0.49199028806349343,7.035697211155378,2.3019123505976093,6.668804780876494,8.768446215139443,0.5451661354581674,3.6782868525896415,0.42231075697211157
High,5200,0.9801645661304017,8.500061538461539,3.7258423076923077,6.7677249999999995,10.247453846153846,0.6820543076923077,5.308623076923077,0.9975
